<?xml version="1.0" encoding="UTF-8"?>
<projectDescription>
	<name>demo</name>
	<comment></comment>
	<projects>
	</projects>
	<buildSpec>
		<buildCommand>
			<name>org.eclipse.jdt.core.javabuilder</name>
			<arguments>
			</arguments>
		</buildCommand>
		<buildCommand>
			<name>org.eclipse.m2e.core.maven2Builder</name>
			<arguments>
			</arguments>
		</buildCommand>
	</buildSpec>
	<natures>
		<nature>org.eclipse.jdt.core.javanature</nature>
		<nature>org.eclipse.m2e.core.maven2Nature</nature>
	</natures>
	<filteredResources>
		<filter>
			<id>1610334106606</id>
			<name></name>
			<type>30</type>
			<matcher>
				<id>org.eclipse.core.resources.regexFilterMatcher</id>
				<arguments>node_modules|.git|__CREATED_BY_JAVA_LANGUAGE_SERVER__</arguments>
			</matcher>
		</filter>
	</filteredResources>
</projectDescription>
